#"Progress (%)","Speed (ns/day)","Elapsed Time (s)","Time Remaining"
10.0%,0,7.557868957519531e-05,--
20.0%,41.1,2.1010231971740723,0:16
30.0%,40.6,4.257640600204468,0:14
40.0%,40.9,6.344423770904541,0:12
50.0%,41,8.436392307281494,0:10
60.0%,40.9,10.562870740890503,0:08
70.0%,40.9,12.669065713882446,0:06
80.0%,41,14.743749856948853,0:04
90.0%,41,16.84214448928833,0:02
100.0%,41,18.966171741485596,0:00
