#"Progress (%)","Speed (ns/day)","Elapsed Time (s)","Time Remaining"
10.0%,0,3.6716461181640625e-05,--
20.0%,178,4.855603218078613,0:38
30.0%,176,9.808235168457031,0:34
40.0%,175,14.816010236740112,0:29
50.0%,175,19.80258822441101,0:24
60.0%,174,24.78508162498474,0:19
70.0%,174,29.777114629745483,0:14
80.0%,174,34.78948378562927,0:09
90.0%,174,39.74413704872131,0:04
100.0%,174,44.735058069229126,0:00
