#"Progress (%)","Speed (ns/day)","Elapsed Time (s)","Time Remaining"
1.0%,0,2.4080276489257812e-05,--
2.0%,249,17.37730622291565,28:22
3.0%,250,34.61529088020325,27:58
4.0%,249,51.98869299888611,27:43
5.0%,250,69.17733526229858,27:22
6.0%,250,86.27843499183655,27:02
7.0%,250,103.66313099861145,26:46
8.0%,250,121.03453326225281,26:30
9.0%,250,138.40391302108765,26:14
