#"Step","Time (ps)","Potential Energy (kJ/mole)","Kinetic Energy (kJ/mole)","Total Energy (kJ/mole)","Temperature (K)","Box Volume (nm^3)","Density (g/mL)"
12500,49.999999999994046,-1250290.6179777673,246748.19489429973,-1003542.4230834675,301.1348141559807,969.1956789463366,1.0085887564099796
25000,100.00000000003028,-1250482.4983423399,245951.58156262242,-1004530.9167797174,300.1626165368995,968.4521671808296,1.0093630823213273
37500,150.00000000001322,-1250072.305302878,246603.64139722672,-1003468.6639056512,300.9583991248786,965.5601571850867,1.0123862892149478
50000,199.9999999998967,-1252376.7043863283,247234.30667598697,-1005142.3977103414,301.72807150929236,963.7463035074351,1.0142916875414714
62500,249.99999999978016,-1250148.6694078576,245996.86151094755,-1004151.80789691,300.21787679454684,966.496303610412,1.011405693839511
75000,299.99999999997624,-1248808.7437016442,245393.7360114407,-1003415.0076902036,299.48181432695907,964.8884820266169,1.0130910283987058
87500,350.000000000215,-1251074.2236162582,246186.12005280808,-1004888.1035634502,300.4488504632905,965.6713791052231,1.012269686870255
100000,400.0000000004537,-1252397.8138695117,245842.98267493545,-1006554.8311945762,300.03008099444025,963.7622064825149,1.0142749507828375
112500,450.00000000069247,-1250179.7333334666,248282.11807865076,-1001897.6152548158,303.0068346311334,961.1986920668282,1.0169800194426906
