#"Progress (%)","Speed (ns/day)","Elapsed Time (s)","Time Remaining"
10.0%,0,4.482269287109375e-05,--
20.0%,262,3.2931060791015625,0:26
30.0%,265,6.529285192489624,0:22
40.0%,265,9.773431301116943,0:19
50.0%,265,13.050266981124878,0:16
60.0%,264,16.348652601242065,0:13
70.0%,263,19.70948600769043,0:09
80.0%,262,23.048996686935425,0:06
90.0%,262,26.42706036567688,0:03
100.0%,261,29.75391411781311,0:00
